StoreID,ProductID,CurrentStock,ReorderLevel,LeadTimeDays
STORE_01,PROD_0001,224,82,2
STORE_01,PROD_0002,82,55,3
STORE_01,PROD_0003,32,49,10
STORE_01,PROD_0004,221,67,9
STORE_01,PROD_0005,392,30,11
STORE_01,PROD_0006,58,84,4
STORE_01,PROD_0007,336,70,3
STORE_01,PROD_0008,313,92,2
STORE_01,PROD_0009,232,36,5
STORE_01,PROD_0010,159,53,7
STORE_01,PROD_0011,484,70,13
STORE_01,PROD_0012,435,61,7
STORE_01,PROD_0013,241,54,5
STORE_01,PROD_0014,48,45,4
STORE_01,PROD_0015,409,94,3
STORE_01,PROD_0016,89,33,4
STORE_01,PROD_0017,240,79,7
STORE_01,PROD_0018,218,35,10
STORE_01,PROD_0019,193,46,9
STORE_01,PROD_0020,167,79,6
STORE_01,PROD_0021,446,35,3
STORE_01,PROD_0022,90,58,13
STORE_01,PROD_0023,366,97,2
STORE_01,PROD_0024,120,61,4
STORE_01,PROD_0025,56,51,7
STORE_01,PROD_0026,212,85,2
STORE_01,PROD_0027,356,58,6
STORE_01,PROD_0028,429,42,2
STORE_01,PROD_0029,497,71,9
STORE_01,PROD_0030,294,90,5
STORE_01,PROD_0031,58,79,3
STORE_01,PROD_0032,421,37,3
STORE_01,PROD_0033,16,27,14
STORE_01,PROD_0034,123,36,5
STORE_01,PROD_0035,431,71,7
STORE_01,PROD_0036,361,100,12
STORE_01,PROD_0037,53,94,11
STORE_01,PROD_0038,142,29,2
STORE_01,PROD_0039,43,45,12
STORE_01,PROD_0040,237,36,3
STORE_01,PROD_0041,473,62,3
STORE_01,PROD_0042,31,79,2
STORE_01,PROD_0043,96,93,8
STORE_01,PROD_0044,430,70,9
STORE_01,PROD_0045,25,68,12
STORE_01,PROD_0046,228,42,7
STORE_01,PROD_0047,119,43,6
STORE_01,PROD_0048,153,77,4
STORE_01,PROD_0049,27,98,11
STORE_01,PROD_0050,325,51,12
STORE_01,PROD_0051,161,83,8
STORE_01,PROD_0052,461,90,9
STORE_01,PROD_0053,41,31,6
STORE_01,PROD_0054,206,37,8
STORE_01,PROD_0055,112,87,5
STORE_01,PROD_0056,332,89,14
STORE_01,PROD_0057,19,68,14
STORE_01,PROD_0058,375,65,9
STORE_01,PROD_0059,288,82,7
STORE_01,PROD_0060,477,92,10
STORE_01,PROD_0061,174,69,6
STORE_01,PROD_0062,102,23,7
STORE_01,PROD_0063,315,48,2
STORE_01,PROD_0064,468,55,2
STORE_01,PROD_0065,424,80,10
STORE_01,PROD_0066,193,94,5
STORE_01,PROD_0067,91,32,5
STORE_01,PROD_0068,346,50,6
STORE_01,PROD_0069,283,27,14
STORE_01,PROD_0070,495,48,11
STORE_01,PROD_0071,443,69,7
STORE_01,PROD_0072,488,42,4
STORE_01,PROD_0073,131,95,7
STORE_01,PROD_0074,422,65,11
STORE_01,PROD_0075,24,65,11
STORE_01,PROD_0076,298,38,11
STORE_01,PROD_0077,495,44,14
STORE_01,PROD_0078,461,83,10
STORE_01,PROD_0079,168,42,9
STORE_01,PROD_0080,29,31,2
STORE_01,PROD_0081,129,97,5
STORE_01,PROD_0082,20,87,9
STORE_01,PROD_0083,10,62,11
STORE_01,PROD_0084,113,36,7
STORE_01,PROD_0085,377,42,14
STORE_01,PROD_0086,442,61,2
STORE_01,PROD_0087,21,38,11
STORE_01,PROD_0088,370,38,14
STORE_01,PROD_0089,66,87,7
STORE_01,PROD_0090,47,67,13
STORE_01,PROD_0091,492,70,11
STORE_01,PROD_0092,61,63,6
STORE_01,PROD_0093,175,37,4
STORE_01,PROD_0094,384,75,14
STORE_01,PROD_0095,337,82,12
STORE_01,PROD_0096,172,42,13
STORE_01,PROD_0097,297,98,14
STORE_01,PROD_0098,192,48,12
STORE_01,PROD_0099,311,42,8
STORE_01,PROD_0100,167,57,4
STORE_01,PROD_0101,100,20,13
STORE_01,PROD_0102,495,93,8
STORE_01,PROD_0103,445,92,2
STORE_01,PROD_0104,103,97,7
STORE_01,PROD_0105,481,98,5
STORE_01,PROD_0106,337,92,3
STORE_01,PROD_0107,489,83,4
STORE_01,PROD_0108,179,29,5
STORE_01,PROD_0109,187,60,4
STORE_01,PROD_0110,335,31,13
STORE_01,PROD_0111,353,62,9
STORE_01,PROD_0112,15,53,5
STORE_01,PROD_0113,137,28,7
STORE_01,PROD_0114,141,33,13
STORE_01,PROD_0115,10,26,8
STORE_01,PROD_0116,234,73,4
STORE_01,PROD_0117,462,72,9
STORE_01,PROD_0118,461,68,7
STORE_01,PROD_0119,289,68,3
STORE_01,PROD_0120,434,81,14
STORE_01,PROD_0121,452,93,12
STORE_01,PROD_0122,398,48,4
STORE_01,PROD_0123,241,29,14
STORE_01,PROD_0124,443,24,6
STORE_01,PROD_0125,20,60,6
STORE_01,PROD_0126,497,33,3
STORE_01,PROD_0127,185,41,8
STORE_01,PROD_0128,92,29,10
STORE_01,PROD_0129,492,31,7
STORE_01,PROD_0130,314,98,9
STORE_01,PROD_0131,370,23,8
STORE_01,PROD_0132,492,41,11
STORE_01,PROD_0133,465,75,4
STORE_01,PROD_0134,37,32,7
STORE_01,PROD_0135,115,44,8
STORE_01,PROD_0136,366,90,13
STORE_01,PROD_0137,483,89,6
STORE_01,PROD_0138,348,56,6
STORE_01,PROD_0139,131,32,2
STORE_01,PROD_0140,211,93,10
STORE_01,PROD_0141,440,82,4
STORE_01,PROD_0142,37,66,2
STORE_01,PROD_0143,228,31,6
STORE_01,PROD_0144,431,100,11
STORE_01,PROD_0145,255,45,3
STORE_01,PROD_0146,23,46,4
STORE_01,PROD_0147,336,57,3
STORE_01,PROD_0148,252,34,6
STORE_01,PROD_0149,411,70,9
STORE_01,PROD_0150,260,53,3
STORE_01,PROD_0151,338,89,8
STORE_01,PROD_0152,104,67,8
STORE_01,PROD_0153,199,43,9
STORE_01,PROD_0154,32,53,9
STORE_01,PROD_0155,248,53,5
STORE_01,PROD_0156,438,54,11
STORE_01,PROD_0157,41,39,14
STORE_01,PROD_0158,366,32,3
STORE_01,PROD_0159,352,64,14
STORE_01,PROD_0160,287,72,14
STORE_01,PROD_0161,311,49,10
STORE_01,PROD_0162,41,69,10
STORE_01,PROD_0163,224,88,12
STORE_01,PROD_0164,453,80,11
STORE_01,PROD_0165,461,50,9
STORE_01,PROD_0166,163,30,8
STORE_01,PROD_0167,472,24,10
STORE_01,PROD_0168,302,86,14
STORE_01,PROD_0169,302,99,4
STORE_01,PROD_0170,71,77,4
STORE_01,PROD_0171,495,41,5
STORE_01,PROD_0172,423,44,4
STORE_01,PROD_0173,31,74,3
STORE_01,PROD_0174,359,75,5
STORE_01,PROD_0175,431,100,4
STORE_01,PROD_0176,437,96,6
STORE_01,PROD_0177,173,28,3
STORE_01,PROD_0178,208,91,8
STORE_01,PROD_0179,292,61,6
STORE_01,PROD_0180,276,78,2
STORE_01,PROD_0181,412,99,11
STORE_01,PROD_0182,277,73,3
STORE_01,PROD_0183,222,39,4
STORE_01,PROD_0184,300,95,11
STORE_01,PROD_0185,398,32,3
STORE_01,PROD_0186,298,32,14
STORE_01,PROD_0187,156,88,7
STORE_01,PROD_0188,459,72,6
STORE_01,PROD_0189,206,82,11
STORE_01,PROD_0190,321,80,2
STORE_01,PROD_0191,98,55,8
STORE_01,PROD_0192,83,99,11
STORE_01,PROD_0193,358,71,2
STORE_01,PROD_0194,212,62,13
STORE_01,PROD_0195,131,26,13
STORE_01,PROD_0196,253,54,7
STORE_01,PROD_0197,20,63,14
STORE_01,PROD_0198,165,59,6
STORE_01,PROD_0199,441,82,13
STORE_01,PROD_0200,360,32,5
STORE_02,PROD_0001,78,58,13
STORE_02,PROD_0002,236,61,6
STORE_02,PROD_0003,383,73,11
STORE_02,PROD_0004,340,31,5
STORE_02,PROD_0005,236,47,8
STORE_02,PROD_0006,389,82,14
STORE_02,PROD_0007,274,67,2
STORE_02,PROD_0008,273,40,3
STORE_02,PROD_0009,169,84,8
STORE_02,PROD_0010,79,87,11
STORE_02,PROD_0011,24,42,5
STORE_02,PROD_0012,458,45,2
STORE_02,PROD_0013,137,24,9
STORE_02,PROD_0014,35,66,13
STORE_02,PROD_0015,111,55,7
STORE_02,PROD_0016,431,79,10
STORE_02,PROD_0017,213,35,12
STORE_02,PROD_0018,25,50,7
STORE_02,PROD_0019,260,96,9
STORE_02,PROD_0020,100,80,11
STORE_02,PROD_0021,292,64,7
STORE_02,PROD_0022,93,53,13
STORE_02,PROD_0023,435,31,6
STORE_02,PROD_0024,24,69,2
STORE_02,PROD_0025,93,93,14
STORE_02,PROD_0026,119,48,12
STORE_02,PROD_0027,125,46,6
STORE_02,PROD_0028,343,72,10
STORE_02,PROD_0029,20,21,9
STORE_02,PROD_0030,476,36,12
STORE_02,PROD_0031,98,96,14
STORE_02,PROD_0032,14,48,6
STORE_02,PROD_0033,321,59,13
STORE_02,PROD_0034,373,55,8
STORE_02,PROD_0035,468,68,7
STORE_02,PROD_0036,245,52,5
STORE_02,PROD_0037,248,58,12
STORE_02,PROD_0038,276,99,8
STORE_02,PROD_0039,309,33,2
STORE_02,PROD_0040,271,67,10
STORE_02,PROD_0041,341,96,11
STORE_02,PROD_0042,154,58,12
STORE_02,PROD_0043,65,81,3
STORE_02,PROD_0044,182,55,12
STORE_02,PROD_0045,176,55,6
STORE_02,PROD_0046,345,58,5
STORE_02,PROD_0047,86,86,14
STORE_02,PROD_0048,133,27,14
STORE_02,PROD_0049,448,96,8
STORE_02,PROD_0050,348,60,12
STORE_02,PROD_0051,81,23,12
STORE_02,PROD_0052,264,57,6
STORE_02,PROD_0053,474,73,8
STORE_02,PROD_0054,208,24,11
STORE_02,PROD_0055,372,93,5
STORE_02,PROD_0056,185,48,12
STORE_02,PROD_0057,283,80,12
STORE_02,PROD_0058,193,84,6
STORE_02,PROD_0059,442,41,12
STORE_02,PROD_0060,458,91,4
STORE_02,PROD_0061,160,32,9
STORE_02,PROD_0062,75,53,13
STORE_02,PROD_0063,423,91,14
STORE_02,PROD_0064,477,43,12
STORE_02,PROD_0065,470,62,12
STORE_02,PROD_0066,55,48,7
STORE_02,PROD_0067,124,59,8
STORE_02,PROD_0068,413,62,7
STORE_02,PROD_0069,143,94,6
STORE_02,PROD_0070,247,35,9
STORE_02,PROD_0071,37,94,11
STORE_02,PROD_0072,493,99,3
STORE_02,PROD_0073,251,44,10
STORE_02,PROD_0074,71,68,10
STORE_02,PROD_0075,162,72,2
STORE_02,PROD_0076,455,39,4
STORE_02,PROD_0077,112,63,8
STORE_02,PROD_0078,301,78,4
STORE_02,PROD_0079,171,43,14
STORE_02,PROD_0080,51,82,7
STORE_02,PROD_0081,333,42,7
STORE_02,PROD_0082,334,27,2
STORE_02,PROD_0083,241,55,5
STORE_02,PROD_0084,399,41,11
STORE_02,PROD_0085,401,40,9
STORE_02,PROD_0086,412,31,4
STORE_02,PROD_0087,324,75,12
STORE_02,PROD_0088,229,71,8
STORE_02,PROD_0089,254,69,2
STORE_02,PROD_0090,29,88,5
STORE_02,PROD_0091,384,67,2
STORE_02,PROD_0092,466,61,14
STORE_02,PROD_0093,436,87,5
STORE_02,PROD_0094,19,20,12
STORE_02,PROD_0095,385,51,5
STORE_02,PROD_0096,365,64,6
STORE_02,PROD_0097,76,33,8
STORE_02,PROD_0098,267,95,6
STORE_02,PROD_0099,95,28,2
STORE_02,PROD_0100,162,57,9
STORE_02,PROD_0101,382,86,11
STORE_02,PROD_0102,278,63,8
STORE_02,PROD_0103,464,37,7
STORE_02,PROD_0104,471,82,7
STORE_02,PROD_0105,394,44,4
STORE_02,PROD_0106,495,71,2
STORE_02,PROD_0107,126,48,13
STORE_02,PROD_0108,77,47,13
STORE_02,PROD_0109,21,95,10
STORE_02,PROD_0110,96,35,7
STORE_02,PROD_0111,374,24,8
STORE_02,PROD_0112,458,52,14
STORE_02,PROD_0113,283,99,2
STORE_02,PROD_0114,314,26,12
STORE_02,PROD_0115,65,22,2
STORE_02,PROD_0116,363,34,8
STORE_02,PROD_0117,237,68,3
STORE_02,PROD_0118,290,52,9
STORE_02,PROD_0119,369,39,5
STORE_02,PROD_0120,365,100,2
STORE_02,PROD_0121,164,73,12
STORE_02,PROD_0122,61,86,6
STORE_02,PROD_0123,328,97,13
STORE_02,PROD_0124,80,73,3
STORE_02,PROD_0125,271,99,3
STORE_02,PROD_0126,154,34,14
STORE_02,PROD_0127,64,83,5
STORE_02,PROD_0128,321,45,14
STORE_02,PROD_0129,144,86,5
STORE_02,PROD_0130,193,72,6
STORE_02,PROD_0131,92,25,10
STORE_02,PROD_0132,264,46,13
STORE_02,PROD_0133,487,81,7
STORE_02,PROD_0134,130,20,2
STORE_02,PROD_0135,353,31,3
STORE_02,PROD_0136,437,93,12
STORE_02,PROD_0137,262,39,3
STORE_02,PROD_0138,409,85,3
STORE_02,PROD_0139,380,32,6
STORE_02,PROD_0140,339,49,9
STORE_02,PROD_0141,161,53,9
STORE_02,PROD_0142,35,32,4
STORE_02,PROD_0143,457,25,6
STORE_02,PROD_0144,194,60,8
STORE_02,PROD_0145,388,34,3
STORE_02,PROD_0146,445,25,2
STORE_02,PROD_0147,446,37,12
STORE_02,PROD_0148,341,41,7
STORE_02,PROD_0149,193,76,11
STORE_02,PROD_0150,147,31,7
STORE_02,PROD_0151,427,63,4
STORE_02,PROD_0152,68,71,8
STORE_02,PROD_0153,243,54,8
STORE_02,PROD_0154,363,81,14
STORE_02,PROD_0155,225,41,3
STORE_02,PROD_0156,77,27,4
STORE_02,PROD_0157,63,73,11
STORE_02,PROD_0158,257,92,12
STORE_02,PROD_0159,234,43,11
STORE_02,PROD_0160,204,65,11
STORE_02,PROD_0161,24,36,9
STORE_02,PROD_0162,481,82,3
STORE_02,PROD_0163,464,72,9
STORE_02,PROD_0164,33,28,6
STORE_02,PROD_0165,345,60,2
STORE_02,PROD_0166,370,87,14
STORE_02,PROD_0167,390,93,13
STORE_02,PROD_0168,299,48,12
STORE_02,PROD_0169,457,63,10
STORE_02,PROD_0170,277,99,3
STORE_02,PROD_0171,231,51,9
STORE_02,PROD_0172,187,69,4
STORE_02,PROD_0173,439,91,11
STORE_02,PROD_0174,37,21,12
STORE_02,PROD_0175,488,40,10
STORE_02,PROD_0176,444,80,9
STORE_02,PROD_0177,455,41,3
STORE_02,PROD_0178,394,82,7
STORE_02,PROD_0179,133,62,6
STORE_02,PROD_0180,35,84,5
STORE_02,PROD_0181,291,68,8
STORE_02,PROD_0182,428,50,3
STORE_02,PROD_0183,245,76,14
STORE_02,PROD_0184,303,77,3
STORE_02,PROD_0185,448,83,9
STORE_02,PROD_0186,171,35,9
STORE_02,PROD_0187,391,22,3
STORE_02,PROD_0188,216,72,2
STORE_02,PROD_0189,295,90,2
STORE_02,PROD_0190,432,31,14
STORE_02,PROD_0191,319,99,12
STORE_02,PROD_0192,165,85,10
STORE_02,PROD_0193,115,78,7
STORE_02,PROD_0194,196,26,5
STORE_02,PROD_0195,442,78,7
STORE_02,PROD_0196,296,99,11
STORE_02,PROD_0197,252,66,13
STORE_02,PROD_0198,241,34,3
STORE_02,PROD_0199,398,48,2
STORE_02,PROD_0200,184,65,12
STORE_03,PROD_0001,419,57,10
STORE_03,PROD_0002,277,67,13
STORE_03,PROD_0003,64,25,4
STORE_03,PROD_0004,262,37,13
STORE_03,PROD_0005,390,72,3
STORE_03,PROD_0006,140,98,5
STORE_03,PROD_0007,106,35,8
STORE_03,PROD_0008,120,78,14
STORE_03,PROD_0009,107,63,3
STORE_03,PROD_0010,397,73,2
STORE_03,PROD_0011,484,95,3
STORE_03,PROD_0012,405,77,9
STORE_03,PROD_0013,347,95,10
STORE_03,PROD_0014,78,83,2
STORE_03,PROD_0015,281,26,10
STORE_03,PROD_0016,488,75,11
STORE_03,PROD_0017,257,85,14
STORE_03,PROD_0018,481,42,13
STORE_03,PROD_0019,306,42,13
STORE_03,PROD_0020,427,36,3
STORE_03,PROD_0021,208,96,11
STORE_03,PROD_0022,461,61,10
STORE_03,PROD_0023,461,69,8
STORE_03,PROD_0024,321,51,6
STORE_03,PROD_0025,213,63,6
STORE_03,PROD_0026,241,37,4
STORE_03,PROD_0027,221,97,13
STORE_03,PROD_0028,463,85,6
STORE_03,PROD_0029,441,90,7
STORE_03,PROD_0030,374,90,12
STORE_03,PROD_0031,121,45,5
STORE_03,PROD_0032,329,57,12
STORE_03,PROD_0033,186,36,13
STORE_03,PROD_0034,342,42,10
STORE_03,PROD_0035,287,61,13
STORE_03,PROD_0036,69,65,10
STORE_03,PROD_0037,255,94,11
STORE_03,PROD_0038,492,73,12
STORE_03,PROD_0039,392,88,6
STORE_03,PROD_0040,459,74,14
STORE_03,PROD_0041,16,86,3
STORE_03,PROD_0042,22,68,4
STORE_03,PROD_0043,37,27,5
STORE_03,PROD_0044,146,40,6
STORE_03,PROD_0045,359,52,4
STORE_03,PROD_0046,439,27,13
STORE_03,PROD_0047,411,57,5
STORE_03,PROD_0048,395,89,2
STORE_03,PROD_0049,193,77,3
STORE_03,PROD_0050,325,91,5
STORE_03,PROD_0051,390,91,8
STORE_03,PROD_0052,131,85,14
STORE_03,PROD_0053,417,56,13
STORE_03,PROD_0054,350,26,8
STORE_03,PROD_0055,208,73,14
STORE_03,PROD_0056,360,60,10
STORE_03,PROD_0057,37,21,13
STORE_03,PROD_0058,138,45,11
STORE_03,PROD_0059,454,76,5
STORE_03,PROD_0060,476,67,14
STORE_03,PROD_0061,311,89,13
STORE_03,PROD_0062,318,45,14
STORE_03,PROD_0063,381,44,6
STORE_03,PROD_0064,239,42,12
STORE_03,PROD_0065,48,43,4
STORE_03,PROD_0066,386,85,3
STORE_03,PROD_0067,203,25,8
STORE_03,PROD_0068,152,91,6
STORE_03,PROD_0069,76,40,11
STORE_03,PROD_0070,443,52,2
STORE_03,PROD_0071,179,79,13
STORE_03,PROD_0072,489,39,2
STORE_03,PROD_0073,88,61,11
STORE_03,PROD_0074,36,100,11
STORE_03,PROD_0075,441,58,9
STORE_03,PROD_0076,414,93,10
STORE_03,PROD_0077,193,29,14
STORE_03,PROD_0078,372,60,10
STORE_03,PROD_0079,122,43,10
STORE_03,PROD_0080,44,84,4
STORE_03,PROD_0081,222,89,10
STORE_03,PROD_0082,216,31,7
STORE_03,PROD_0083,123,47,12
STORE_03,PROD_0084,179,62,7
STORE_03,PROD_0085,160,47,14
STORE_03,PROD_0086,326,87,9
STORE_03,PROD_0087,297,21,3
STORE_03,PROD_0088,352,64,9
STORE_03,PROD_0089,133,98,11
STORE_03,PROD_0090,134,25,12
STORE_03,PROD_0091,463,61,8
STORE_03,PROD_0092,478,34,8
STORE_03,PROD_0093,141,89,13
STORE_03,PROD_0094,154,23,10
STORE_03,PROD_0095,430,67,10
STORE_03,PROD_0096,421,85,9
STORE_03,PROD_0097,259,25,6
STORE_03,PROD_0098,469,44,7
STORE_03,PROD_0099,273,30,3
STORE_03,PROD_0100,95,88,10
STORE_03,PROD_0101,13,100,3
STORE_03,PROD_0102,117,100,14
STORE_03,PROD_0103,119,74,3
STORE_03,PROD_0104,115,88,13
STORE_03,PROD_0105,459,75,12
STORE_03,PROD_0106,428,29,13
STORE_03,PROD_0107,361,39,2
STORE_03,PROD_0108,245,62,2
STORE_03,PROD_0109,54,29,2
STORE_03,PROD_0110,101,52,10
STORE_03,PROD_0111,46,93,5
STORE_03,PROD_0112,476,53,8
STORE_03,PROD_0113,208,77,12
STORE_03,PROD_0114,217,75,7
STORE_03,PROD_0115,18,69,12
STORE_03,PROD_0116,70,88,2
STORE_03,PROD_0117,338,99,3
STORE_03,PROD_0118,397,94,2
STORE_03,PROD_0119,368,29,7
STORE_03,PROD_0120,485,84,3
STORE_03,PROD_0121,158,58,11
STORE_03,PROD_0122,54,56,14
STORE_03,PROD_0123,484,76,8
STORE_03,PROD_0124,212,23,9
STORE_03,PROD_0125,90,88,5
STORE_03,PROD_0126,79,70,14
STORE_03,PROD_0127,418,89,6
STORE_03,PROD_0128,334,38,6
STORE_03,PROD_0129,356,67,2
STORE_03,PROD_0130,293,91,4
STORE_03,PROD_0131,73,25,2
STORE_03,PROD_0132,303,96,8
STORE_03,PROD_0133,285,90,3
STORE_03,PROD_0134,166,46,13
STORE_03,PROD_0135,389,64,5
STORE_03,PROD_0136,221,85,4
STORE_03,PROD_0137,92,43,5
STORE_03,PROD_0138,325,52,5
STORE_03,PROD_0139,68,43,12
STORE_03,PROD_0140,419,92,2
STORE_03,PROD_0141,445,90,9
STORE_03,PROD_0142,340,90,3
STORE_03,PROD_0143,158,28,6
STORE_03,PROD_0144,60,45,13
STORE_03,PROD_0145,307,82,7
STORE_03,PROD_0146,192,36,12
STORE_03,PROD_0147,345,50,3
STORE_03,PROD_0148,155,99,3
STORE_03,PROD_0149,470,44,7
STORE_03,PROD_0150,258,77,7
STORE_03,PROD_0151,325,59,13
STORE_03,PROD_0152,309,39,11
STORE_03,PROD_0153,300,66,14
STORE_03,PROD_0154,171,74,4
STORE_03,PROD_0155,12,60,5
STORE_03,PROD_0156,412,48,13
STORE_03,PROD_0157,388,75,6
STORE_03,PROD_0158,440,66,4
STORE_03,PROD_0159,357,62,9
STORE_03,PROD_0160,246,77,7
STORE_03,PROD_0161,406,59,9
STORE_03,PROD_0162,292,33,4
STORE_03,PROD_0163,340,97,3
STORE_03,PROD_0164,440,55,4
STORE_03,PROD_0165,466,88,5
STORE_03,PROD_0166,144,100,3
STORE_03,PROD_0167,382,29,2
STORE_03,PROD_0168,444,84,12
STORE_03,PROD_0169,25,94,11
STORE_03,PROD_0170,217,95,5
STORE_03,PROD_0171,474,24,10
STORE_03,PROD_0172,143,89,10
STORE_03,PROD_0173,251,39,7
STORE_03,PROD_0174,210,48,14
STORE_03,PROD_0175,311,57,4
STORE_03,PROD_0176,247,84,10
STORE_03,PROD_0177,56,70,7
STORE_03,PROD_0178,267,21,12
STORE_03,PROD_0179,132,98,12
STORE_03,PROD_0180,94,85,4
STORE_03,PROD_0181,238,40,4
STORE_03,PROD_0182,299,92,12
STORE_03,PROD_0183,456,38,13
STORE_03,PROD_0184,384,81,7
STORE_03,PROD_0185,30,48,14
STORE_03,PROD_0186,259,49,3
STORE_03,PROD_0187,145,67,5
STORE_03,PROD_0188,31,46,10
STORE_03,PROD_0189,474,66,8
STORE_03,PROD_0190,250,78,2
STORE_03,PROD_0191,30,61,3
STORE_03,PROD_0192,370,86,12
STORE_03,PROD_0193,434,55,13
STORE_03,PROD_0194,144,94,10
STORE_03,PROD_0195,301,42,8
STORE_03,PROD_0196,344,68,7
STORE_03,PROD_0197,310,29,10
STORE_03,PROD_0198,138,68,5
STORE_03,PROD_0199,274,71,7
STORE_03,PROD_0200,428,64,9
STORE_04,PROD_0001,415,81,11
STORE_04,PROD_0002,13,84,4
STORE_04,PROD_0003,235,41,5
STORE_04,PROD_0004,49,85,12
STORE_04,PROD_0005,153,47,4
STORE_04,PROD_0006,105,40,7
STORE_04,PROD_0007,318,35,12
STORE_04,PROD_0008,127,73,14
STORE_04,PROD_0009,179,34,9
STORE_04,PROD_0010,355,81,9
STORE_04,PROD_0011,117,95,4
STORE_04,PROD_0012,341,72,2
STORE_04,PROD_0013,134,25,4
STORE_04,PROD_0014,303,95,4
STORE_04,PROD_0015,78,100,10
STORE_04,PROD_0016,30,93,4
STORE_04,PROD_0017,38,41,6
STORE_04,PROD_0018,482,43,10
STORE_04,PROD_0019,500,71,11
STORE_04,PROD_0020,298,22,13
STORE_04,PROD_0021,382,56,3
STORE_04,PROD_0022,120,77,11
STORE_04,PROD_0023,251,81,4
STORE_04,PROD_0024,122,72,11
STORE_04,PROD_0025,83,94,14
STORE_04,PROD_0026,103,99,12
STORE_04,PROD_0027,271,53,4
STORE_04,PROD_0028,380,63,9
STORE_04,PROD_0029,315,95,3
STORE_04,PROD_0030,127,68,8
STORE_04,PROD_0031,77,33,2
STORE_04,PROD_0032,113,86,10
STORE_04,PROD_0033,360,73,4
STORE_04,PROD_0034,320,32,4
STORE_04,PROD_0035,253,98,11
STORE_04,PROD_0036,29,88,10
STORE_04,PROD_0037,395,35,3
STORE_04,PROD_0038,256,36,11
STORE_04,PROD_0039,286,20,14
STORE_04,PROD_0040,357,75,10
STORE_04,PROD_0041,225,67,2
STORE_04,PROD_0042,367,87,8
STORE_04,PROD_0043,127,81,14
STORE_04,PROD_0044,403,68,7
STORE_04,PROD_0045,311,93,3
STORE_04,PROD_0046,227,37,6
STORE_04,PROD_0047,254,49,3
STORE_04,PROD_0048,155,96,10
STORE_04,PROD_0049,219,52,5
STORE_04,PROD_0050,12,20,11
STORE_04,PROD_0051,277,35,10
STORE_04,PROD_0052,13,68,12
STORE_04,PROD_0053,115,60,8
STORE_04,PROD_0054,195,33,4
STORE_04,PROD_0055,228,94,6
STORE_04,PROD_0056,143,88,8
STORE_04,PROD_0057,299,66,11
STORE_04,PROD_0058,151,70,14
STORE_04,PROD_0059,114,72,10
STORE_04,PROD_0060,411,91,9
STORE_04,PROD_0061,101,67,10
STORE_04,PROD_0062,294,81,6
STORE_04,PROD_0063,167,93,7
STORE_04,PROD_0064,406,70,13
STORE_04,PROD_0065,80,35,13
STORE_04,PROD_0066,127,77,14
STORE_04,PROD_0067,368,40,3
STORE_04,PROD_0068,119,85,8
STORE_04,PROD_0069,412,63,14
STORE_04,PROD_0070,291,98,13
STORE_04,PROD_0071,360,26,4
STORE_04,PROD_0072,209,20,14
STORE_04,PROD_0073,56,38,9
STORE_04,PROD_0074,484,96,8
STORE_04,PROD_0075,55,28,6
STORE_04,PROD_0076,123,67,3
STORE_04,PROD_0077,321,24,13
STORE_04,PROD_0078,206,71,11
STORE_04,PROD_0079,345,86,6
STORE_04,PROD_0080,374,96,2
STORE_04,PROD_0081,494,42,12
STORE_04,PROD_0082,263,76,2
STORE_04,PROD_0083,113,86,6
STORE_04,PROD_0084,109,24,14
STORE_04,PROD_0085,316,85,10
STORE_04,PROD_0086,367,49,11
STORE_04,PROD_0087,96,24,7
STORE_04,PROD_0088,132,20,4
STORE_04,PROD_0089,54,55,14
STORE_04,PROD_0090,214,65,12
STORE_04,PROD_0091,212,71,11
STORE_04,PROD_0092,112,86,2
STORE_04,PROD_0093,387,28,3
STORE_04,PROD_0094,291,56,13
STORE_04,PROD_0095,434,91,11
STORE_04,PROD_0096,188,64,6
STORE_04,PROD_0097,125,97,5
STORE_04,PROD_0098,242,71,11
STORE_04,PROD_0099,12,53,4
STORE_04,PROD_0100,218,84,3
STORE_04,PROD_0101,296,29,10
STORE_04,PROD_0102,160,63,3
STORE_04,PROD_0103,421,85,6
STORE_04,PROD_0104,458,88,14
STORE_04,PROD_0105,304,52,13
STORE_04,PROD_0106,236,68,11
STORE_04,PROD_0107,257,51,14
STORE_04,PROD_0108,183,78,12
STORE_04,PROD_0109,245,95,2
STORE_04,PROD_0110,256,34,6
STORE_04,PROD_0111,44,68,12
STORE_04,PROD_0112,413,48,12
STORE_04,PROD_0113,369,49,14
STORE_04,PROD_0114,171,72,7
STORE_04,PROD_0115,274,88,2
STORE_04,PROD_0116,368,53,5
STORE_04,PROD_0117,157,31,8
STORE_04,PROD_0118,354,63,3
STORE_04,PROD_0119,293,42,9
STORE_04,PROD_0120,170,65,5
STORE_04,PROD_0121,467,93,6
STORE_04,PROD_0122,103,44,9
STORE_04,PROD_0123,387,45,5
STORE_04,PROD_0124,386,50,6
STORE_04,PROD_0125,115,49,5
STORE_04,PROD_0126,437,51,11
STORE_04,PROD_0127,192,39,14
STORE_04,PROD_0128,64,35,3
STORE_04,PROD_0129,356,83,11
STORE_04,PROD_0130,13,89,2
STORE_04,PROD_0131,444,81,7
STORE_04,PROD_0132,327,60,9
STORE_04,PROD_0133,469,93,6
STORE_04,PROD_0134,261,43,14
STORE_04,PROD_0135,478,85,6
STORE_04,PROD_0136,213,48,14
STORE_04,PROD_0137,305,36,2
STORE_04,PROD_0138,279,74,9
STORE_04,PROD_0139,491,89,2
STORE_04,PROD_0140,267,64,8
STORE_04,PROD_0141,450,42,9
STORE_04,PROD_0142,71,86,9
STORE_04,PROD_0143,171,21,2
STORE_04,PROD_0144,355,46,8
STORE_04,PROD_0145,307,32,7
STORE_04,PROD_0146,195,98,6
STORE_04,PROD_0147,105,90,6
STORE_04,PROD_0148,131,54,9
STORE_04,PROD_0149,500,98,7
STORE_04,PROD_0150,197,43,9
STORE_04,PROD_0151,227,46,8
STORE_04,PROD_0152,368,67,7
STORE_04,PROD_0153,447,71,6
STORE_04,PROD_0154,240,43,11
STORE_04,PROD_0155,77,93,12
STORE_04,PROD_0156,127,32,13
STORE_04,PROD_0157,148,50,10
STORE_04,PROD_0158,231,68,5
STORE_04,PROD_0159,84,39,9
STORE_04,PROD_0160,422,21,4
STORE_04,PROD_0161,225,83,4
STORE_04,PROD_0162,467,100,10
STORE_04,PROD_0163,283,60,14
STORE_04,PROD_0164,259,58,6
STORE_04,PROD_0165,297,92,2
STORE_04,PROD_0166,213,32,13
STORE_04,PROD_0167,93,27,5
STORE_04,PROD_0168,426,52,9
STORE_04,PROD_0169,439,100,3
STORE_04,PROD_0170,240,62,6
STORE_04,PROD_0171,194,66,10
STORE_04,PROD_0172,295,52,7
STORE_04,PROD_0173,20,72,3
STORE_04,PROD_0174,189,97,5
STORE_04,PROD_0175,305,93,12
STORE_04,PROD_0176,342,88,4
STORE_04,PROD_0177,409,56,7
STORE_04,PROD_0178,176,85,9
STORE_04,PROD_0179,406,77,3
STORE_04,PROD_0180,205,98,6
STORE_04,PROD_0181,247,100,4
STORE_04,PROD_0182,454,41,12
STORE_04,PROD_0183,423,63,8
STORE_04,PROD_0184,333,98,11
STORE_04,PROD_0185,217,29,3
STORE_04,PROD_0186,92,63,5
STORE_04,PROD_0187,170,60,12
STORE_04,PROD_0188,159,54,11
STORE_04,PROD_0189,340,70,6
STORE_04,PROD_0190,464,76,14
STORE_04,PROD_0191,451,66,13
STORE_04,PROD_0192,310,86,9
STORE_04,PROD_0193,221,41,4
STORE_04,PROD_0194,447,22,4
STORE_04,PROD_0195,382,50,12
STORE_04,PROD_0196,138,30,5
STORE_04,PROD_0197,95,70,3
STORE_04,PROD_0198,58,28,9
STORE_04,PROD_0199,290,26,2
STORE_04,PROD_0200,404,70,10
STORE_05,PROD_0001,401,30,3
STORE_05,PROD_0002,144,99,4
STORE_05,PROD_0003,53,69,6
STORE_05,PROD_0004,127,51,13
STORE_05,PROD_0005,155,76,12
STORE_05,PROD_0006,74,36,10
STORE_05,PROD_0007,439,41,2
STORE_05,PROD_0008,27,65,7
STORE_05,PROD_0009,452,80,9
STORE_05,PROD_0010,455,89,6
STORE_05,PROD_0011,290,76,4
STORE_05,PROD_0012,495,89,4
STORE_05,PROD_0013,312,96,9
STORE_05,PROD_0014,333,92,8
STORE_05,PROD_0015,278,88,6
STORE_05,PROD_0016,475,64,9
STORE_05,PROD_0017,286,49,14
STORE_05,PROD_0018,55,76,6
STORE_05,PROD_0019,197,72,6
STORE_05,PROD_0020,89,58,2
STORE_05,PROD_0021,10,86,14
STORE_05,PROD_0022,444,37,7
STORE_05,PROD_0023,156,80,10
STORE_05,PROD_0024,14,82,14
STORE_05,PROD_0025,254,58,2
STORE_05,PROD_0026,402,75,14
STORE_05,PROD_0027,159,96,5
STORE_05,PROD_0028,417,20,10
STORE_05,PROD_0029,201,44,8
STORE_05,PROD_0030,461,91,8
STORE_05,PROD_0031,212,51,4
STORE_05,PROD_0032,376,69,8
STORE_05,PROD_0033,122,53,3
STORE_05,PROD_0034,226,100,5
STORE_05,PROD_0035,274,98,14
STORE_05,PROD_0036,365,54,6
STORE_05,PROD_0037,342,88,14
STORE_05,PROD_0038,147,72,5
STORE_05,PROD_0039,446,28,4
STORE_05,PROD_0040,79,57,3
STORE_05,PROD_0041,336,78,11
STORE_05,PROD_0042,241,54,13
STORE_05,PROD_0043,328,82,5
STORE_05,PROD_0044,174,22,4
STORE_05,PROD_0045,35,88,2
STORE_05,PROD_0046,105,33,6
STORE_05,PROD_0047,147,36,13
STORE_05,PROD_0048,234,21,5
STORE_05,PROD_0049,56,39,2
STORE_05,PROD_0050,262,47,7
STORE_05,PROD_0051,225,59,14
STORE_05,PROD_0052,419,83,7
STORE_05,PROD_0053,247,24,7
STORE_05,PROD_0054,51,38,2
STORE_05,PROD_0055,146,70,3
STORE_05,PROD_0056,288,80,4
STORE_05,PROD_0057,108,52,8
STORE_05,PROD_0058,434,21,3
STORE_05,PROD_0059,403,51,8
STORE_05,PROD_0060,404,76,5
STORE_05,PROD_0061,387,24,5
STORE_05,PROD_0062,245,32,10
STORE_05,PROD_0063,350,46,9
STORE_05,PROD_0064,209,59,7
STORE_05,PROD_0065,91,100,13
STORE_05,PROD_0066,31,90,10
STORE_05,PROD_0067,72,52,9
STORE_05,PROD_0068,336,58,5
STORE_05,PROD_0069,194,26,12
STORE_05,PROD_0070,121,34,5
STORE_05,PROD_0071,334,75,7
STORE_05,PROD_0072,17,41,14
STORE_05,PROD_0073,151,94,3
STORE_05,PROD_0074,212,51,2
STORE_05,PROD_0075,31,94,14
STORE_05,PROD_0076,363,80,13
STORE_05,PROD_0077,315,39,7
STORE_05,PROD_0078,404,31,5
STORE_05,PROD_0079,90,83,3
STORE_05,PROD_0080,361,99,7
STORE_05,PROD_0081,486,100,2
STORE_05,PROD_0082,40,65,12
STORE_05,PROD_0083,88,88,14
STORE_05,PROD_0084,64,36,9
STORE_05,PROD_0085,129,60,10
STORE_05,PROD_0086,413,64,14
STORE_05,PROD_0087,466,76,13
STORE_05,PROD_0088,108,22,13
STORE_05,PROD_0089,203,65,13
STORE_05,PROD_0090,78,52,2
STORE_05,PROD_0091,258,76,10
STORE_05,PROD_0092,160,89,13
STORE_05,PROD_0093,260,44,11
STORE_05,PROD_0094,105,89,7
STORE_05,PROD_0095,175,79,6
STORE_05,PROD_0096,454,96,10
STORE_05,PROD_0097,92,28,10
STORE_05,PROD_0098,89,77,6
STORE_05,PROD_0099,429,53,10
STORE_05,PROD_0100,197,78,2
STORE_05,PROD_0101,407,84,8
STORE_05,PROD_0102,385,43,2
STORE_05,PROD_0103,327,66,14
STORE_05,PROD_0104,327,50,7
STORE_05,PROD_0105,379,28,12
STORE_05,PROD_0106,285,69,5
STORE_05,PROD_0107,278,83,14
STORE_05,PROD_0108,292,39,11
STORE_05,PROD_0109,154,61,8
STORE_05,PROD_0110,338,61,3
STORE_05,PROD_0111,59,86,12
STORE_05,PROD_0112,44,25,4
STORE_05,PROD_0113,101,24,5
STORE_05,PROD_0114,64,82,5
STORE_05,PROD_0115,60,24,11
STORE_05,PROD_0116,338,69,12
STORE_05,PROD_0117,260,87,11
STORE_05,PROD_0118,369,95,6
STORE_05,PROD_0119,35,66,5
STORE_05,PROD_0120,320,29,2
STORE_05,PROD_0121,486,46,12
STORE_05,PROD_0122,261,30,9
STORE_05,PROD_0123,420,27,7
STORE_05,PROD_0124,295,73,7
STORE_05,PROD_0125,416,27,11
STORE_05,PROD_0126,146,87,2
STORE_05,PROD_0127,385,29,6
STORE_05,PROD_0128,49,47,10
STORE_05,PROD_0129,59,32,13
STORE_05,PROD_0130,128,88,8
STORE_05,PROD_0131,107,44,10
STORE_05,PROD_0132,346,51,11
STORE_05,PROD_0133,330,42,10
STORE_05,PROD_0134,393,91,8
STORE_05,PROD_0135,392,33,14
STORE_05,PROD_0136,336,93,7
STORE_05,PROD_0137,355,78,13
STORE_05,PROD_0138,350,74,3
STORE_05,PROD_0139,95,43,10
STORE_05,PROD_0140,215,84,7
STORE_05,PROD_0141,346,40,10
STORE_05,PROD_0142,317,76,7
STORE_05,PROD_0143,472,60,10
STORE_05,PROD_0144,176,67,8
STORE_05,PROD_0145,401,75,13
STORE_05,PROD_0146,175,97,5
STORE_05,PROD_0147,298,89,5
STORE_05,PROD_0148,202,90,13
STORE_05,PROD_0149,140,66,9
STORE_05,PROD_0150,239,70,2
STORE_05,PROD_0151,381,24,6
STORE_05,PROD_0152,315,22,10
STORE_05,PROD_0153,79,58,2
STORE_05,PROD_0154,163,48,5
STORE_05,PROD_0155,448,60,2
STORE_05,PROD_0156,405,55,10
STORE_05,PROD_0157,271,91,11
STORE_05,PROD_0158,484,93,4
STORE_05,PROD_0159,58,24,9
STORE_05,PROD_0160,192,39,4
STORE_05,PROD_0161,145,66,11
STORE_05,PROD_0162,137,49,6
STORE_05,PROD_0163,425,58,3
STORE_05,PROD_0164,302,71,11
STORE_05,PROD_0165,479,47,13
STORE_05,PROD_0166,49,61,14
STORE_05,PROD_0167,257,42,9
STORE_05,PROD_0168,432,93,3
STORE_05,PROD_0169,314,58,2
STORE_05,PROD_0170,384,93,8
STORE_05,PROD_0171,50,27,14
STORE_05,PROD_0172,181,64,8
STORE_05,PROD_0173,223,35,14
STORE_05,PROD_0174,126,97,2
STORE_05,PROD_0175,334,100,8
STORE_05,PROD_0176,37,59,10
STORE_05,PROD_0177,31,60,10
STORE_05,PROD_0178,299,39,7
STORE_05,PROD_0179,267,48,4
STORE_05,PROD_0180,35,70,9
STORE_05,PROD_0181,395,96,11
STORE_05,PROD_0182,268,31,5
STORE_05,PROD_0183,231,57,14
STORE_05,PROD_0184,211,38,4
STORE_05,PROD_0185,182,30,9
STORE_05,PROD_0186,302,26,10
STORE_05,PROD_0187,214,53,3
STORE_05,PROD_0188,214,84,8
STORE_05,PROD_0189,406,36,14
STORE_05,PROD_0190,79,81,10
STORE_05,PROD_0191,111,82,8
STORE_05,PROD_0192,343,93,5
STORE_05,PROD_0193,297,98,13
STORE_05,PROD_0194,278,51,5
STORE_05,PROD_0195,46,54,14
STORE_05,PROD_0196,230,61,12
STORE_05,PROD_0197,483,93,3
STORE_05,PROD_0198,67,72,8
STORE_05,PROD_0199,197,64,5
STORE_05,PROD_0200,174,64,11
STORE_06,PROD_0001,345,23,14
STORE_06,PROD_0002,166,41,7
STORE_06,PROD_0003,325,76,11
STORE_06,PROD_0004,84,76,2
STORE_06,PROD_0005,483,49,5
STORE_06,PROD_0006,360,67,4
STORE_06,PROD_0007,397,30,3
STORE_06,PROD_0008,388,26,5
STORE_06,PROD_0009,495,99,4
STORE_06,PROD_0010,454,56,2
STORE_06,PROD_0011,185,34,6
STORE_06,PROD_0012,240,80,2
STORE_06,PROD_0013,179,46,13
STORE_06,PROD_0014,285,47,5
STORE_06,PROD_0015,289,86,14
STORE_06,PROD_0016,142,90,9
STORE_06,PROD_0017,328,38,13
STORE_06,PROD_0018,367,22,8
STORE_06,PROD_0019,308,87,2
STORE_06,PROD_0020,140,41,2
STORE_06,PROD_0021,155,45,14
STORE_06,PROD_0022,366,99,6
STORE_06,PROD_0023,37,79,12
STORE_06,PROD_0024,493,21,3
STORE_06,PROD_0025,208,54,12
STORE_06,PROD_0026,446,66,3
STORE_06,PROD_0027,19,57,12
STORE_06,PROD_0028,207,49,8
STORE_06,PROD_0029,270,32,7
STORE_06,PROD_0030,258,96,10
STORE_06,PROD_0031,55,43,5
STORE_06,PROD_0032,266,78,10
STORE_06,PROD_0033,484,22,2
STORE_06,PROD_0034,136,87,6
STORE_06,PROD_0035,180,82,8
STORE_06,PROD_0036,391,40,2
STORE_06,PROD_0037,187,65,7
STORE_06,PROD_0038,330,58,5
STORE_06,PROD_0039,266,55,14
STORE_06,PROD_0040,41,100,6
STORE_06,PROD_0041,459,69,2
STORE_06,PROD_0042,493,91,6
STORE_06,PROD_0043,125,39,7
STORE_06,PROD_0044,469,70,12
STORE_06,PROD_0045,80,31,13
STORE_06,PROD_0046,205,86,12
STORE_06,PROD_0047,323,100,12
STORE_06,PROD_0048,126,73,5
STORE_06,PROD_0049,303,39,8
STORE_06,PROD_0050,169,97,7
STORE_06,PROD_0051,239,89,4
STORE_06,PROD_0052,115,37,11
STORE_06,PROD_0053,287,45,4
STORE_06,PROD_0054,168,87,4
STORE_06,PROD_0055,230,38,12
STORE_06,PROD_0056,487,92,4
STORE_06,PROD_0057,172,28,10
STORE_06,PROD_0058,282,35,4
STORE_06,PROD_0059,172,38,13
STORE_06,PROD_0060,25,60,8
STORE_06,PROD_0061,220,58,9
STORE_06,PROD_0062,391,55,4
STORE_06,PROD_0063,408,44,3
STORE_06,PROD_0064,77,43,2
STORE_06,PROD_0065,400,98,11
STORE_06,PROD_0066,146,97,11
STORE_06,PROD_0067,323,49,11
STORE_06,PROD_0068,128,49,12
STORE_06,PROD_0069,23,65,3
STORE_06,PROD_0070,362,81,4
STORE_06,PROD_0071,267,97,9
STORE_06,PROD_0072,374,67,4
STORE_06,PROD_0073,446,69,9
STORE_06,PROD_0074,252,37,4
STORE_06,PROD_0075,108,48,2
STORE_06,PROD_0076,219,21,6
STORE_06,PROD_0077,496,72,5
STORE_06,PROD_0078,390,45,14
STORE_06,PROD_0079,114,28,4
STORE_06,PROD_0080,484,76,11
STORE_06,PROD_0081,260,61,9
STORE_06,PROD_0082,464,51,8
STORE_06,PROD_0083,217,25,11
STORE_06,PROD_0084,386,68,13
STORE_06,PROD_0085,170,70,11
STORE_06,PROD_0086,490,93,11
STORE_06,PROD_0087,284,87,12
STORE_06,PROD_0088,458,24,10
STORE_06,PROD_0089,65,77,9
STORE_06,PROD_0090,433,25,5
STORE_06,PROD_0091,275,88,8
STORE_06,PROD_0092,386,25,10
STORE_06,PROD_0093,208,86,14
STORE_06,PROD_0094,332,26,5
STORE_06,PROD_0095,159,76,8
STORE_06,PROD_0096,462,58,14
STORE_06,PROD_0097,433,56,9
STORE_06,PROD_0098,95,74,6
STORE_06,PROD_0099,323,26,13
STORE_06,PROD_0100,274,38,9
STORE_06,PROD_0101,434,77,3
STORE_06,PROD_0102,379,84,3
STORE_06,PROD_0103,102,94,13
STORE_06,PROD_0104,289,37,8
STORE_06,PROD_0105,221,61,9
STORE_06,PROD_0106,22,42,9
STORE_06,PROD_0107,312,45,9
STORE_06,PROD_0108,56,52,7
STORE_06,PROD_0109,364,40,13
STORE_06,PROD_0110,385,35,3
STORE_06,PROD_0111,68,77,12
STORE_06,PROD_0112,195,30,10
STORE_06,PROD_0113,372,69,13
STORE_06,PROD_0114,415,85,11
STORE_06,PROD_0115,496,40,8
STORE_06,PROD_0116,291,68,2
STORE_06,PROD_0117,403,41,7
STORE_06,PROD_0118,299,39,4
STORE_06,PROD_0119,454,38,4
STORE_06,PROD_0120,403,26,8
STORE_06,PROD_0121,167,59,13
STORE_06,PROD_0122,403,77,6
STORE_06,PROD_0123,330,43,3
STORE_06,PROD_0124,470,36,5
STORE_06,PROD_0125,11,99,14
STORE_06,PROD_0126,139,21,9
STORE_06,PROD_0127,264,83,10
STORE_06,PROD_0128,423,20,11
STORE_06,PROD_0129,461,83,5
STORE_06,PROD_0130,121,95,12
STORE_06,PROD_0131,253,78,8
STORE_06,PROD_0132,236,30,11
STORE_06,PROD_0133,317,20,5
STORE_06,PROD_0134,461,90,6
STORE_06,PROD_0135,327,100,10
STORE_06,PROD_0136,429,46,2
STORE_06,PROD_0137,104,38,2
STORE_06,PROD_0138,344,64,2
STORE_06,PROD_0139,84,24,12
STORE_06,PROD_0140,305,97,6
STORE_06,PROD_0141,179,31,2
STORE_06,PROD_0142,65,73,4
STORE_06,PROD_0143,92,56,11
STORE_06,PROD_0144,348,96,11
STORE_06,PROD_0145,413,91,4
STORE_06,PROD_0146,243,94,7
STORE_06,PROD_0147,486,24,3
STORE_06,PROD_0148,403,58,7
STORE_06,PROD_0149,198,68,3
STORE_06,PROD_0150,398,74,10
STORE_06,PROD_0151,43,57,9
STORE_06,PROD_0152,78,35,13
STORE_06,PROD_0153,450,55,7
STORE_06,PROD_0154,279,72,10
STORE_06,PROD_0155,117,46,11
STORE_06,PROD_0156,39,33,11
STORE_06,PROD_0157,383,100,10
STORE_06,PROD_0158,54,81,13
STORE_06,PROD_0159,362,97,14
STORE_06,PROD_0160,371,56,8
STORE_06,PROD_0161,321,60,6
STORE_06,PROD_0162,279,93,11
STORE_06,PROD_0163,191,36,11
STORE_06,PROD_0164,298,83,10
STORE_06,PROD_0165,383,100,9
STORE_06,PROD_0166,262,43,11
STORE_06,PROD_0167,129,57,5
STORE_06,PROD_0168,10,35,2
STORE_06,PROD_0169,248,100,14
STORE_06,PROD_0170,70,46,14
STORE_06,PROD_0171,325,73,8
STORE_06,PROD_0172,33,62,7
STORE_06,PROD_0173,296,47,2
STORE_06,PROD_0174,337,45,13
STORE_06,PROD_0175,154,52,14
STORE_06,PROD_0176,44,59,6
STORE_06,PROD_0177,269,90,7
STORE_06,PROD_0178,402,20,3
STORE_06,PROD_0179,361,62,7
STORE_06,PROD_0180,212,92,11
STORE_06,PROD_0181,24,42,5
STORE_06,PROD_0182,179,63,12
STORE_06,PROD_0183,255,80,14
STORE_06,PROD_0184,28,37,9
STORE_06,PROD_0185,89,100,9
STORE_06,PROD_0186,466,88,7
STORE_06,PROD_0187,246,72,13
STORE_06,PROD_0188,38,86,6
STORE_06,PROD_0189,299,60,10
STORE_06,PROD_0190,284,22,5
STORE_06,PROD_0191,305,62,14
STORE_06,PROD_0192,479,65,3
STORE_06,PROD_0193,86,55,2
STORE_06,PROD_0194,183,68,12
STORE_06,PROD_0195,283,41,11
STORE_06,PROD_0196,320,69,4
STORE_06,PROD_0197,314,34,14
STORE_06,PROD_0198,394,59,13
STORE_06,PROD_0199,449,60,13
STORE_06,PROD_0200,26,54,8
STORE_07,PROD_0001,54,83,5
STORE_07,PROD_0002,200,77,6
STORE_07,PROD_0003,120,87,6
STORE_07,PROD_0004,99,34,7
STORE_07,PROD_0005,411,24,14
STORE_07,PROD_0006,113,31,9
STORE_07,PROD_0007,269,23,14
STORE_07,PROD_0008,257,84,4
STORE_07,PROD_0009,107,63,9
STORE_07,PROD_0010,385,87,6
STORE_07,PROD_0011,407,61,4
STORE_07,PROD_0012,403,32,10
STORE_07,PROD_0013,356,36,5
STORE_07,PROD_0014,380,24,9
STORE_07,PROD_0015,208,86,3
STORE_07,PROD_0016,12,59,2
STORE_07,PROD_0017,361,96,3
STORE_07,PROD_0018,180,79,2
STORE_07,PROD_0019,62,86,14
STORE_07,PROD_0020,347,59,2
STORE_07,PROD_0021,305,59,12
STORE_07,PROD_0022,466,46,7
STORE_07,PROD_0023,112,44,6
STORE_07,PROD_0024,151,88,7
STORE_07,PROD_0025,405,76,12
STORE_07,PROD_0026,70,54,4
STORE_07,PROD_0027,90,55,3
STORE_07,PROD_0028,17,99,10
STORE_07,PROD_0029,273,33,5
STORE_07,PROD_0030,287,64,10
STORE_07,PROD_0031,173,54,4
STORE_07,PROD_0032,492,56,11
STORE_07,PROD_0033,135,41,3
STORE_07,PROD_0034,169,98,7
STORE_07,PROD_0035,286,76,2
STORE_07,PROD_0036,76,23,9
STORE_07,PROD_0037,472,26,3
STORE_07,PROD_0038,206,26,3
STORE_07,PROD_0039,228,70,4
STORE_07,PROD_0040,370,96,11
STORE_07,PROD_0041,332,77,11
STORE_07,PROD_0042,192,59,7
STORE_07,PROD_0043,428,45,13
STORE_07,PROD_0044,398,88,3
STORE_07,PROD_0045,482,79,11
STORE_07,PROD_0046,77,31,14
STORE_07,PROD_0047,480,79,3
STORE_07,PROD_0048,243,59,12
STORE_07,PROD_0049,339,79,9
STORE_07,PROD_0050,128,48,4
STORE_07,PROD_0051,450,98,6
STORE_07,PROD_0052,477,66,8
STORE_07,PROD_0053,103,62,14
STORE_07,PROD_0054,450,61,9
STORE_07,PROD_0055,259,23,3
STORE_07,PROD_0056,253,34,7
STORE_07,PROD_0057,255,79,4
STORE_07,PROD_0058,154,64,11
STORE_07,PROD_0059,304,36,10
STORE_07,PROD_0060,62,71,13
STORE_07,PROD_0061,417,33,7
STORE_07,PROD_0062,294,29,14
STORE_07,PROD_0063,164,88,9
STORE_07,PROD_0064,215,95,8
STORE_07,PROD_0065,132,99,5
STORE_07,PROD_0066,290,40,9
STORE_07,PROD_0067,206,28,7
STORE_07,PROD_0068,116,95,8
STORE_07,PROD_0069,411,75,11
STORE_07,PROD_0070,413,63,10
STORE_07,PROD_0071,365,50,4
STORE_07,PROD_0072,349,29,13
STORE_07,PROD_0073,486,93,9
STORE_07,PROD_0074,68,95,11
STORE_07,PROD_0075,247,61,10
STORE_07,PROD_0076,59,76,4
STORE_07,PROD_0077,167,71,3
STORE_07,PROD_0078,316,33,12
STORE_07,PROD_0079,426,96,14
STORE_07,PROD_0080,429,68,7
STORE_07,PROD_0081,263,27,3
STORE_07,PROD_0082,121,37,11
STORE_07,PROD_0083,472,20,14
STORE_07,PROD_0084,85,39,9
STORE_07,PROD_0085,282,57,8
STORE_07,PROD_0086,325,93,9
STORE_07,PROD_0087,110,46,12
STORE_07,PROD_0088,459,60,6
STORE_07,PROD_0089,301,58,8
STORE_07,PROD_0090,377,64,3
STORE_07,PROD_0091,308,21,11
STORE_07,PROD_0092,271,71,4
STORE_07,PROD_0093,446,57,2
STORE_07,PROD_0094,199,90,2
STORE_07,PROD_0095,10,91,7
STORE_07,PROD_0096,66,56,2
STORE_07,PROD_0097,130,75,13
STORE_07,PROD_0098,312,70,12
STORE_07,PROD_0099,172,68,8
STORE_07,PROD_0100,205,75,10
STORE_07,PROD_0101,118,42,9
STORE_07,PROD_0102,81,44,10
STORE_07,PROD_0103,206,66,8
STORE_07,PROD_0104,88,56,12
STORE_07,PROD_0105,74,37,2
STORE_07,PROD_0106,46,22,4
STORE_07,PROD_0107,379,82,12
STORE_07,PROD_0108,233,37,3
STORE_07,PROD_0109,80,73,9
STORE_07,PROD_0110,467,97,8
STORE_07,PROD_0111,329,43,9
STORE_07,PROD_0112,270,74,10
STORE_07,PROD_0113,429,77,8
STORE_07,PROD_0114,191,48,4
STORE_07,PROD_0115,227,97,2
STORE_07,PROD_0116,305,83,13
STORE_07,PROD_0117,131,84,6
STORE_07,PROD_0118,220,89,11
STORE_07,PROD_0119,197,24,2
STORE_07,PROD_0120,300,81,13
STORE_07,PROD_0121,198,34,11
STORE_07,PROD_0122,256,30,4
STORE_07,PROD_0123,383,87,14
STORE_07,PROD_0124,408,55,9
STORE_07,PROD_0125,274,30,10
STORE_07,PROD_0126,465,98,3
STORE_07,PROD_0127,135,80,12
STORE_07,PROD_0128,389,29,12
STORE_07,PROD_0129,334,89,14
STORE_07,PROD_0130,306,59,11
STORE_07,PROD_0131,37,63,10
STORE_07,PROD_0132,408,21,9
STORE_07,PROD_0133,242,85,9
STORE_07,PROD_0134,303,62,8
STORE_07,PROD_0135,190,57,6
STORE_07,PROD_0136,95,24,13
STORE_07,PROD_0137,482,96,13
STORE_07,PROD_0138,165,92,6
STORE_07,PROD_0139,41,100,9
STORE_07,PROD_0140,306,41,11
STORE_07,PROD_0141,36,57,14
STORE_07,PROD_0142,387,99,2
STORE_07,PROD_0143,156,82,3
STORE_07,PROD_0144,74,84,3
STORE_07,PROD_0145,445,55,6
STORE_07,PROD_0146,77,98,6
STORE_07,PROD_0147,150,52,2
STORE_07,PROD_0148,389,34,11
STORE_07,PROD_0149,99,95,13
STORE_07,PROD_0150,87,77,7
STORE_07,PROD_0151,423,42,6
STORE_07,PROD_0152,410,50,9
STORE_07,PROD_0153,102,87,2
STORE_07,PROD_0154,185,30,4
STORE_07,PROD_0155,314,39,9
STORE_07,PROD_0156,395,72,14
STORE_07,PROD_0157,206,50,12
STORE_07,PROD_0158,235,41,5
STORE_07,PROD_0159,305,64,2
STORE_07,PROD_0160,338,53,14
STORE_07,PROD_0161,429,34,2
STORE_07,PROD_0162,95,79,8
STORE_07,PROD_0163,253,58,9
STORE_07,PROD_0164,392,88,5
STORE_07,PROD_0165,204,69,9
STORE_07,PROD_0166,144,38,10
STORE_07,PROD_0167,455,75,2
STORE_07,PROD_0168,157,77,8
STORE_07,PROD_0169,357,60,10
STORE_07,PROD_0170,359,25,3
STORE_07,PROD_0171,479,88,12
STORE_07,PROD_0172,191,75,11
STORE_07,PROD_0173,480,54,7
STORE_07,PROD_0174,148,54,14
STORE_07,PROD_0175,60,52,12
STORE_07,PROD_0176,309,70,9
STORE_07,PROD_0177,405,50,13
STORE_07,PROD_0178,354,95,14
STORE_07,PROD_0179,109,86,7
STORE_07,PROD_0180,356,43,7
STORE_07,PROD_0181,290,21,12
STORE_07,PROD_0182,14,28,2
STORE_07,PROD_0183,220,32,10
STORE_07,PROD_0184,63,77,7
STORE_07,PROD_0185,122,56,6
STORE_07,PROD_0186,108,24,2
STORE_07,PROD_0187,327,31,2
STORE_07,PROD_0188,490,96,12
STORE_07,PROD_0189,467,47,11
STORE_07,PROD_0190,336,35,13
STORE_07,PROD_0191,500,35,3
STORE_07,PROD_0192,448,97,4
STORE_07,PROD_0193,202,92,14
STORE_07,PROD_0194,104,34,13
STORE_07,PROD_0195,104,52,6
STORE_07,PROD_0196,249,29,12
STORE_07,PROD_0197,242,55,14
STORE_07,PROD_0198,228,61,6
STORE_07,PROD_0199,92,29,6
STORE_07,PROD_0200,407,27,8
STORE_08,PROD_0001,208,62,2
STORE_08,PROD_0002,142,53,4
STORE_08,PROD_0003,235,28,9
STORE_08,PROD_0004,485,45,11
STORE_08,PROD_0005,211,42,12
STORE_08,PROD_0006,261,33,4
STORE_08,PROD_0007,286,75,5
STORE_08,PROD_0008,324,33,9
STORE_08,PROD_0009,376,53,3
STORE_08,PROD_0010,27,29,3
STORE_08,PROD_0011,302,52,14
STORE_08,PROD_0012,238,22,9
STORE_08,PROD_0013,86,20,2
STORE_08,PROD_0014,350,69,6
STORE_08,PROD_0015,87,62,8
STORE_08,PROD_0016,304,20,10
STORE_08,PROD_0017,372,82,9
STORE_08,PROD_0018,233,71,13
STORE_08,PROD_0019,409,28,10
STORE_08,PROD_0020,125,20,8
STORE_08,PROD_0021,498,81,3
STORE_08,PROD_0022,300,88,7
STORE_08,PROD_0023,180,58,8
STORE_08,PROD_0024,38,100,12
STORE_08,PROD_0025,56,66,10
STORE_08,PROD_0026,446,63,3
STORE_08,PROD_0027,440,78,14
STORE_08,PROD_0028,402,57,12
STORE_08,PROD_0029,113,42,10
STORE_08,PROD_0030,30,69,12
STORE_08,PROD_0031,107,58,13
STORE_08,PROD_0032,209,33,12
STORE_08,PROD_0033,362,65,9
STORE_08,PROD_0034,53,100,9
STORE_08,PROD_0035,386,44,4
STORE_08,PROD_0036,28,44,2
STORE_08,PROD_0037,378,95,5
STORE_08,PROD_0038,260,69,3
STORE_08,PROD_0039,415,89,12
STORE_08,PROD_0040,167,83,10
STORE_08,PROD_0041,437,77,2
STORE_08,PROD_0042,28,63,2
STORE_08,PROD_0043,182,25,8
STORE_08,PROD_0044,70,47,14
STORE_08,PROD_0045,344,86,9
STORE_08,PROD_0046,491,88,4
STORE_08,PROD_0047,389,94,5
STORE_08,PROD_0048,483,29,2
STORE_08,PROD_0049,386,38,9
STORE_08,PROD_0050,344,22,9
STORE_08,PROD_0051,474,99,2
STORE_08,PROD_0052,134,36,2
STORE_08,PROD_0053,98,100,2
STORE_08,PROD_0054,473,59,14
STORE_08,PROD_0055,59,78,11
STORE_08,PROD_0056,97,95,3
STORE_08,PROD_0057,428,33,3
STORE_08,PROD_0058,264,96,14
STORE_08,PROD_0059,325,48,3
STORE_08,PROD_0060,421,45,8
STORE_08,PROD_0061,182,71,7
STORE_08,PROD_0062,71,93,10
STORE_08,PROD_0063,80,61,14
STORE_08,PROD_0064,119,25,11
STORE_08,PROD_0065,98,62,3
STORE_08,PROD_0066,71,55,4
STORE_08,PROD_0067,397,73,4
STORE_08,PROD_0068,366,67,10
STORE_08,PROD_0069,94,76,5
STORE_08,PROD_0070,483,94,2
STORE_08,PROD_0071,78,32,14
STORE_08,PROD_0072,443,100,11
STORE_08,PROD_0073,202,40,2
STORE_08,PROD_0074,460,82,3
STORE_08,PROD_0075,13,20,4
STORE_08,PROD_0076,484,31,13
STORE_08,PROD_0077,343,95,6
STORE_08,PROD_0078,223,80,13
STORE_08,PROD_0079,74,46,4
STORE_08,PROD_0080,337,54,10
STORE_08,PROD_0081,240,72,5
STORE_08,PROD_0082,490,42,11
STORE_08,PROD_0083,364,24,11
STORE_08,PROD_0084,102,83,11
STORE_08,PROD_0085,496,31,12
STORE_08,PROD_0086,433,58,7
STORE_08,PROD_0087,224,20,10
STORE_08,PROD_0088,130,44,3
STORE_08,PROD_0089,281,32,11
STORE_08,PROD_0090,195,89,10
STORE_08,PROD_0091,122,79,14
STORE_08,PROD_0092,330,46,6
STORE_08,PROD_0093,37,44,3
STORE_08,PROD_0094,417,39,12
STORE_08,PROD_0095,442,80,9
STORE_08,PROD_0096,100,40,12
STORE_08,PROD_0097,482,25,2
STORE_08,PROD_0098,340,66,6
STORE_08,PROD_0099,117,75,6
STORE_08,PROD_0100,181,98,14
STORE_08,PROD_0101,465,78,2
STORE_08,PROD_0102,63,26,10
STORE_08,PROD_0103,100,40,14
STORE_08,PROD_0104,24,82,10
STORE_08,PROD_0105,69,29,5
STORE_08,PROD_0106,379,76,11
STORE_08,PROD_0107,306,61,8
STORE_08,PROD_0108,111,61,5
STORE_08,PROD_0109,408,34,7
STORE_08,PROD_0110,126,32,5
STORE_08,PROD_0111,387,72,5
STORE_08,PROD_0112,202,48,3
STORE_08,PROD_0113,251,94,9
STORE_08,PROD_0114,37,75,4
STORE_08,PROD_0115,120,98,9
STORE_08,PROD_0116,101,69,7
STORE_08,PROD_0117,79,78,13
STORE_08,PROD_0118,109,100,7
STORE_08,PROD_0119,148,45,7
STORE_08,PROD_0120,75,24,13
STORE_08,PROD_0121,301,27,6
STORE_08,PROD_0122,79,34,9
STORE_08,PROD_0123,244,73,4
STORE_08,PROD_0124,399,63,5
STORE_08,PROD_0125,463,57,11
STORE_08,PROD_0126,90,98,4
STORE_08,PROD_0127,305,90,5
STORE_08,PROD_0128,54,72,10
STORE_08,PROD_0129,260,47,11
STORE_08,PROD_0130,252,79,6
STORE_08,PROD_0131,17,74,13
STORE_08,PROD_0132,456,51,5
STORE_08,PROD_0133,177,75,11
STORE_08,PROD_0134,123,95,4
STORE_08,PROD_0135,477,93,2
STORE_08,PROD_0136,223,25,2
STORE_08,PROD_0137,250,84,2
STORE_08,PROD_0138,227,87,8
STORE_08,PROD_0139,255,32,9
STORE_08,PROD_0140,263,50,3
STORE_08,PROD_0141,295,21,13
STORE_08,PROD_0142,384,72,5
STORE_08,PROD_0143,77,65,6
STORE_08,PROD_0144,132,31,2
STORE_08,PROD_0145,255,59,4
STORE_08,PROD_0146,370,78,11
STORE_08,PROD_0147,392,94,2
STORE_08,PROD_0148,242,79,14
STORE_08,PROD_0149,80,71,4
STORE_08,PROD_0150,414,67,12
STORE_08,PROD_0151,247,20,12
STORE_08,PROD_0152,46,69,13
STORE_08,PROD_0153,180,87,2
STORE_08,PROD_0154,161,74,14
STORE_08,PROD_0155,148,98,10
STORE_08,PROD_0156,304,46,14
STORE_08,PROD_0157,360,30,11
STORE_08,PROD_0158,460,62,13
STORE_08,PROD_0159,487,27,10
STORE_08,PROD_0160,494,66,2
STORE_08,PROD_0161,66,69,7
STORE_08,PROD_0162,248,99,2
STORE_08,PROD_0163,197,66,4
STORE_08,PROD_0164,341,91,13
STORE_08,PROD_0165,44,91,13
STORE_08,PROD_0166,406,46,4
STORE_08,PROD_0167,181,50,10
STORE_08,PROD_0168,68,81,13
STORE_08,PROD_0169,490,94,13
STORE_08,PROD_0170,117,48,7
STORE_08,PROD_0171,190,54,10
STORE_08,PROD_0172,358,74,6
STORE_08,PROD_0173,37,28,7
STORE_08,PROD_0174,186,77,9
STORE_08,PROD_0175,266,87,3
STORE_08,PROD_0176,250,88,12
STORE_08,PROD_0177,432,88,6
STORE_08,PROD_0178,241,99,7
STORE_08,PROD_0179,419,28,5
STORE_08,PROD_0180,466,78,3
STORE_08,PROD_0181,51,70,4
STORE_08,PROD_0182,157,29,3
STORE_08,PROD_0183,94,55,3
STORE_08,PROD_0184,366,38,9
STORE_08,PROD_0185,87,46,10
STORE_08,PROD_0186,497,100,2
STORE_08,PROD_0187,160,73,12
STORE_08,PROD_0188,287,36,9
STORE_08,PROD_0189,187,73,9
STORE_08,PROD_0190,387,22,6
STORE_08,PROD_0191,106,28,2
STORE_08,PROD_0192,456,49,10
STORE_08,PROD_0193,340,62,8
STORE_08,PROD_0194,306,63,12
STORE_08,PROD_0195,340,61,9
STORE_08,PROD_0196,313,87,10
STORE_08,PROD_0197,237,78,6
STORE_08,PROD_0198,300,36,14
STORE_08,PROD_0199,166,41,14
STORE_08,PROD_0200,143,49,9
STORE_09,PROD_0001,200,56,14
STORE_09,PROD_0002,442,26,4
STORE_09,PROD_0003,190,56,9
STORE_09,PROD_0004,499,41,11
STORE_09,PROD_0005,483,40,13
STORE_09,PROD_0006,284,56,4
STORE_09,PROD_0007,99,39,4
STORE_09,PROD_0008,131,34,2
STORE_09,PROD_0009,172,93,4
STORE_09,PROD_0010,235,53,7
STORE_09,PROD_0011,104,46,10
STORE_09,PROD_0012,372,24,12
STORE_09,PROD_0013,172,64,4
STORE_09,PROD_0014,200,77,10
STORE_09,PROD_0015,93,88,6
STORE_09,PROD_0016,72,23,8
STORE_09,PROD_0017,486,83,14
STORE_09,PROD_0018,84,78,7
STORE_09,PROD_0019,89,20,13
STORE_09,PROD_0020,289,84,7
STORE_09,PROD_0021,341,57,9
STORE_09,PROD_0022,468,57,14
STORE_09,PROD_0023,303,38,14
STORE_09,PROD_0024,299,76,7
STORE_09,PROD_0025,362,34,13
STORE_09,PROD_0026,255,25,4
STORE_09,PROD_0027,357,90,3
STORE_09,PROD_0028,167,23,8
STORE_09,PROD_0029,326,48,9
STORE_09,PROD_0030,192,31,7
STORE_09,PROD_0031,38,97,12
STORE_09,PROD_0032,109,94,10
STORE_09,PROD_0033,123,55,5
STORE_09,PROD_0034,21,30,10
STORE_09,PROD_0035,444,77,12
STORE_09,PROD_0036,353,31,10
STORE_09,PROD_0037,211,44,9
STORE_09,PROD_0038,172,97,11
STORE_09,PROD_0039,271,27,12
STORE_09,PROD_0040,194,70,4
STORE_09,PROD_0041,376,74,7
STORE_09,PROD_0042,207,67,2
STORE_09,PROD_0043,155,64,7
STORE_09,PROD_0044,167,77,10
STORE_09,PROD_0045,54,47,13
STORE_09,PROD_0046,464,76,13
STORE_09,PROD_0047,222,76,6
STORE_09,PROD_0048,93,74,13
STORE_09,PROD_0049,468,73,4
STORE_09,PROD_0050,437,95,11
STORE_09,PROD_0051,54,38,5
STORE_09,PROD_0052,165,80,10
STORE_09,PROD_0053,181,28,11
STORE_09,PROD_0054,397,68,3
STORE_09,PROD_0055,13,72,12
STORE_09,PROD_0056,478,54,8
STORE_09,PROD_0057,99,91,9
STORE_09,PROD_0058,373,92,14
STORE_09,PROD_0059,478,37,5
STORE_09,PROD_0060,105,68,6
STORE_09,PROD_0061,293,82,2
STORE_09,PROD_0062,431,58,11
STORE_09,PROD_0063,165,83,10
STORE_09,PROD_0064,388,79,5
STORE_09,PROD_0065,23,20,4
STORE_09,PROD_0066,144,58,12
STORE_09,PROD_0067,437,80,3
STORE_09,PROD_0068,344,56,8
STORE_09,PROD_0069,101,82,13
STORE_09,PROD_0070,340,51,2
STORE_09,PROD_0071,71,55,9
STORE_09,PROD_0072,44,96,13
STORE_09,PROD_0073,195,94,9
STORE_09,PROD_0074,299,75,6
STORE_09,PROD_0075,331,80,13
STORE_09,PROD_0076,428,35,7
STORE_09,PROD_0077,272,93,2
STORE_09,PROD_0078,442,53,4
STORE_09,PROD_0079,307,27,4
STORE_09,PROD_0080,173,79,13
STORE_09,PROD_0081,79,65,4
STORE_09,PROD_0082,37,54,7
STORE_09,PROD_0083,224,65,2
STORE_09,PROD_0084,158,57,10
STORE_09,PROD_0085,337,29,10
STORE_09,PROD_0086,109,100,4
STORE_09,PROD_0087,401,32,11
STORE_09,PROD_0088,395,41,10
STORE_09,PROD_0089,175,60,12
STORE_09,PROD_0090,419,58,6
STORE_09,PROD_0091,360,66,3
STORE_09,PROD_0092,283,94,7
STORE_09,PROD_0093,431,38,2
STORE_09,PROD_0094,80,86,6
STORE_09,PROD_0095,200,82,8
STORE_09,PROD_0096,184,40,3
STORE_09,PROD_0097,121,39,10
STORE_09,PROD_0098,123,44,14
STORE_09,PROD_0099,469,91,11
STORE_09,PROD_0100,363,87,10
STORE_09,PROD_0101,374,90,13
STORE_09,PROD_0102,397,34,8
STORE_09,PROD_0103,245,29,3
STORE_09,PROD_0104,429,36,2
STORE_09,PROD_0105,255,64,6
STORE_09,PROD_0106,363,66,4
STORE_09,PROD_0107,428,76,11
STORE_09,PROD_0108,277,63,4
STORE_09,PROD_0109,373,58,2
STORE_09,PROD_0110,391,35,5
STORE_09,PROD_0111,75,38,13
STORE_09,PROD_0112,126,59,4
STORE_09,PROD_0113,117,36,3
STORE_09,PROD_0114,227,34,3
STORE_09,PROD_0115,19,81,14
STORE_09,PROD_0116,230,25,5
STORE_09,PROD_0117,65,24,14
STORE_09,PROD_0118,347,85,11
STORE_09,PROD_0119,40,80,3
STORE_09,PROD_0120,475,52,2
STORE_09,PROD_0121,43,58,12
STORE_09,PROD_0122,15,32,14
STORE_09,PROD_0123,73,97,5
STORE_09,PROD_0124,310,45,4
STORE_09,PROD_0125,353,64,2
STORE_09,PROD_0126,56,38,13
STORE_09,PROD_0127,492,55,11
STORE_09,PROD_0128,188,65,4
STORE_09,PROD_0129,447,84,14
STORE_09,PROD_0130,383,98,5
STORE_09,PROD_0131,268,92,3
STORE_09,PROD_0132,60,94,14
STORE_09,PROD_0133,17,87,5
STORE_09,PROD_0134,376,44,6
STORE_09,PROD_0135,97,88,2
STORE_09,PROD_0136,381,32,5
STORE_09,PROD_0137,481,84,13
STORE_09,PROD_0138,253,66,13
STORE_09,PROD_0139,311,43,9
STORE_09,PROD_0140,354,33,4
STORE_09,PROD_0141,437,65,8
STORE_09,PROD_0142,227,47,10
STORE_09,PROD_0143,126,72,3
STORE_09,PROD_0144,399,60,3
STORE_09,PROD_0145,248,34,10
STORE_09,PROD_0146,79,83,14
STORE_09,PROD_0147,194,56,10
STORE_09,PROD_0148,379,25,3
STORE_09,PROD_0149,177,83,3
STORE_09,PROD_0150,207,56,9
STORE_09,PROD_0151,317,59,12
STORE_09,PROD_0152,440,76,5
STORE_09,PROD_0153,293,72,6
STORE_09,PROD_0154,447,74,5
STORE_09,PROD_0155,448,28,14
STORE_09,PROD_0156,253,67,4
STORE_09,PROD_0157,16,82,12
STORE_09,PROD_0158,63,70,9
STORE_09,PROD_0159,277,30,3
STORE_09,PROD_0160,83,70,8
STORE_09,PROD_0161,365,95,3
STORE_09,PROD_0162,389,41,3
STORE_09,PROD_0163,196,45,7
STORE_09,PROD_0164,112,96,8
STORE_09,PROD_0165,72,49,8
STORE_09,PROD_0166,381,83,6
STORE_09,PROD_0167,401,94,11
STORE_09,PROD_0168,149,71,7
STORE_09,PROD_0169,253,97,8
STORE_09,PROD_0170,258,85,6
STORE_09,PROD_0171,85,78,3
STORE_09,PROD_0172,72,52,9
STORE_09,PROD_0173,264,49,12
STORE_09,PROD_0174,492,37,2
STORE_09,PROD_0175,60,26,3
STORE_09,PROD_0176,265,23,4
STORE_09,PROD_0177,205,97,12
STORE_09,PROD_0178,177,39,6
STORE_09,PROD_0179,328,99,3
STORE_09,PROD_0180,399,29,12
STORE_09,PROD_0181,394,86,14
STORE_09,PROD_0182,262,79,5
STORE_09,PROD_0183,160,83,9
STORE_09,PROD_0184,268,53,10
STORE_09,PROD_0185,185,89,10
STORE_09,PROD_0186,19,24,8
STORE_09,PROD_0187,460,35,8
STORE_09,PROD_0188,240,60,8
STORE_09,PROD_0189,236,78,2
STORE_09,PROD_0190,26,42,10
STORE_09,PROD_0191,347,58,13
STORE_09,PROD_0192,94,82,8
STORE_09,PROD_0193,78,59,13
STORE_09,PROD_0194,209,82,14
STORE_09,PROD_0195,66,92,12
STORE_09,PROD_0196,261,90,12
STORE_09,PROD_0197,286,93,9
STORE_09,PROD_0198,253,91,4
STORE_09,PROD_0199,269,27,8
STORE_09,PROD_0200,144,83,11
STORE_10,PROD_0001,203,98,12
STORE_10,PROD_0002,190,56,7
STORE_10,PROD_0003,41,23,11
STORE_10,PROD_0004,33,36,7
STORE_10,PROD_0005,188,94,2
STORE_10,PROD_0006,401,100,7
STORE_10,PROD_0007,204,32,8
STORE_10,PROD_0008,186,65,8
STORE_10,PROD_0009,189,27,12
STORE_10,PROD_0010,135,51,5
STORE_10,PROD_0011,341,59,11
STORE_10,PROD_0012,53,28,6
STORE_10,PROD_0013,68,63,4
STORE_10,PROD_0014,20,88,7
STORE_10,PROD_0015,29,78,12
STORE_10,PROD_0016,452,74,11
STORE_10,PROD_0017,273,73,6
STORE_10,PROD_0018,20,80,11
STORE_10,PROD_0019,21,60,8
STORE_10,PROD_0020,302,69,7
STORE_10,PROD_0021,303,32,14
STORE_10,PROD_0022,260,32,13
STORE_10,PROD_0023,355,46,7
STORE_10,PROD_0024,264,84,14
STORE_10,PROD_0025,401,63,4
STORE_10,PROD_0026,324,58,7
STORE_10,PROD_0027,233,45,9
STORE_10,PROD_0028,335,29,10
STORE_10,PROD_0029,119,56,6
STORE_10,PROD_0030,34,58,11
STORE_10,PROD_0031,215,48,11
STORE_10,PROD_0032,390,31,13
STORE_10,PROD_0033,442,94,3
STORE_10,PROD_0034,313,63,6
STORE_10,PROD_0035,44,92,14
STORE_10,PROD_0036,281,80,8
STORE_10,PROD_0037,117,64,14
STORE_10,PROD_0038,49,58,10
STORE_10,PROD_0039,421,58,8
STORE_10,PROD_0040,349,89,7
STORE_10,PROD_0041,112,73,8
STORE_10,PROD_0042,138,99,10
STORE_10,PROD_0043,242,90,4
STORE_10,PROD_0044,461,22,12
STORE_10,PROD_0045,370,86,4
STORE_10,PROD_0046,305,83,5
STORE_10,PROD_0047,348,79,6
STORE_10,PROD_0048,489,88,14
STORE_10,PROD_0049,324,75,11
STORE_10,PROD_0050,382,100,2
STORE_10,PROD_0051,277,45,7
STORE_10,PROD_0052,246,38,5
STORE_10,PROD_0053,87,58,8
STORE_10,PROD_0054,220,60,3
STORE_10,PROD_0055,334,46,8
STORE_10,PROD_0056,146,56,12
STORE_10,PROD_0057,92,52,12
STORE_10,PROD_0058,317,50,8
STORE_10,PROD_0059,132,34,4
STORE_10,PROD_0060,108,23,5
STORE_10,PROD_0061,418,59,9
STORE_10,PROD_0062,258,91,8
STORE_10,PROD_0063,226,24,5
STORE_10,PROD_0064,91,54,4
STORE_10,PROD_0065,24,53,14
STORE_10,PROD_0066,421,55,12
STORE_10,PROD_0067,291,42,12
STORE_10,PROD_0068,446,25,13
STORE_10,PROD_0069,258,22,2
STORE_10,PROD_0070,450,30,7
STORE_10,PROD_0071,318,58,3
STORE_10,PROD_0072,471,72,7
STORE_10,PROD_0073,353,31,8
STORE_10,PROD_0074,492,37,5
STORE_10,PROD_0075,67,93,13
STORE_10,PROD_0076,266,35,10
STORE_10,PROD_0077,350,94,14
STORE_10,PROD_0078,486,87,6
STORE_10,PROD_0079,264,31,5
STORE_10,PROD_0080,317,35,14
STORE_10,PROD_0081,423,60,7
STORE_10,PROD_0082,436,94,13
STORE_10,PROD_0083,209,50,8
STORE_10,PROD_0084,121,38,3
STORE_10,PROD_0085,99,47,6
STORE_10,PROD_0086,235,72,6
STORE_10,PROD_0087,451,95,2
STORE_10,PROD_0088,261,88,7
STORE_10,PROD_0089,368,34,7
STORE_10,PROD_0090,289,74,9
STORE_10,PROD_0091,359,51,6
STORE_10,PROD_0092,460,38,7
STORE_10,PROD_0093,253,67,6
STORE_10,PROD_0094,20,97,2
STORE_10,PROD_0095,440,26,13
STORE_10,PROD_0096,479,50,6
STORE_10,PROD_0097,292,69,6
STORE_10,PROD_0098,337,66,14
STORE_10,PROD_0099,360,35,10
STORE_10,PROD_0100,453,50,9
STORE_10,PROD_0101,208,21,8
STORE_10,PROD_0102,484,52,6
STORE_10,PROD_0103,56,50,6
STORE_10,PROD_0104,117,40,9
STORE_10,PROD_0105,333,60,14
STORE_10,PROD_0106,402,72,14
STORE_10,PROD_0107,27,55,3
STORE_10,PROD_0108,431,82,9
STORE_10,PROD_0109,387,72,7
STORE_10,PROD_0110,377,74,3
STORE_10,PROD_0111,432,40,13
STORE_10,PROD_0112,143,84,3
STORE_10,PROD_0113,190,73,11
STORE_10,PROD_0114,383,90,13
STORE_10,PROD_0115,177,78,13
STORE_10,PROD_0116,24,26,12
STORE_10,PROD_0117,338,43,12
STORE_10,PROD_0118,237,37,2
STORE_10,PROD_0119,215,45,12
STORE_10,PROD_0120,166,60,11
STORE_10,PROD_0121,52,34,4
STORE_10,PROD_0122,137,86,13
STORE_10,PROD_0123,403,36,11
STORE_10,PROD_0124,361,72,14
STORE_10,PROD_0125,490,60,9
STORE_10,PROD_0126,254,37,6
STORE_10,PROD_0127,98,95,7
STORE_10,PROD_0128,419,56,5
STORE_10,PROD_0129,53,73,7
STORE_10,PROD_0130,103,70,8
STORE_10,PROD_0131,493,93,5
STORE_10,PROD_0132,20,22,10
STORE_10,PROD_0133,341,98,12
STORE_10,PROD_0134,127,31,9
STORE_10,PROD_0135,111,53,13
STORE_10,PROD_0136,446,41,2
STORE_10,PROD_0137,215,99,8
STORE_10,PROD_0138,317,53,4
STORE_10,PROD_0139,55,67,4
STORE_10,PROD_0140,494,92,3
STORE_10,PROD_0141,17,87,8
STORE_10,PROD_0142,405,78,12
STORE_10,PROD_0143,263,35,5
STORE_10,PROD_0144,375,46,5
STORE_10,PROD_0145,494,54,6
STORE_10,PROD_0146,392,83,8
STORE_10,PROD_0147,76,75,5
STORE_10,PROD_0148,317,47,6
STORE_10,PROD_0149,382,44,8
STORE_10,PROD_0150,102,72,14
STORE_10,PROD_0151,84,23,6
STORE_10,PROD_0152,144,50,11
STORE_10,PROD_0153,240,51,7
STORE_10,PROD_0154,308,78,3
STORE_10,PROD_0155,15,80,4
STORE_10,PROD_0156,456,61,13
STORE_10,PROD_0157,213,47,13
STORE_10,PROD_0158,206,74,13
STORE_10,PROD_0159,315,52,3
STORE_10,PROD_0160,58,91,2
STORE_10,PROD_0161,36,62,5
STORE_10,PROD_0162,251,65,11
STORE_10,PROD_0163,490,96,13
STORE_10,PROD_0164,393,25,2
STORE_10,PROD_0165,139,84,11
STORE_10,PROD_0166,205,58,8
STORE_10,PROD_0167,353,67,4
STORE_10,PROD_0168,466,91,2
STORE_10,PROD_0169,307,42,6
STORE_10,PROD_0170,96,84,9
STORE_10,PROD_0171,486,63,9
STORE_10,PROD_0172,77,31,7
STORE_10,PROD_0173,373,87,8
STORE_10,PROD_0174,82,53,3
STORE_10,PROD_0175,170,25,4
STORE_10,PROD_0176,265,55,13
STORE_10,PROD_0177,194,75,6
STORE_10,PROD_0178,472,53,11
STORE_10,PROD_0179,434,53,10
STORE_10,PROD_0180,170,75,4
STORE_10,PROD_0181,171,82,14
STORE_10,PROD_0182,496,39,10
STORE_10,PROD_0183,446,76,2
STORE_10,PROD_0184,106,39,2
STORE_10,PROD_0185,127,43,2
STORE_10,PROD_0186,250,53,4
STORE_10,PROD_0187,371,79,8
STORE_10,PROD_0188,69,83,2
STORE_10,PROD_0189,236,65,13
STORE_10,PROD_0190,297,82,9
STORE_10,PROD_0191,262,34,13
STORE_10,PROD_0192,453,38,3
STORE_10,PROD_0193,188,31,5
STORE_10,PROD_0194,454,56,4
STORE_10,PROD_0195,437,41,13
STORE_10,PROD_0196,270,54,11
STORE_10,PROD_0197,466,94,5
STORE_10,PROD_0198,308,20,10
STORE_10,PROD_0199,402,93,4
STORE_10,PROD_0200,223,29,5
